Product Name,Price,Rating,Availability,Product URL
Lightweight Probiotics,155.62,4.0,In Stock,https://scrapingsandbox.com/product/1
Wireless LED Desk Lamp,145.4,4.6,Out of Stock,https://scrapingsandbox.com/product/2
Deluxe Tea Collection,185.01,3.5,In Stock,https://scrapingsandbox.com/product/3
Essential Tire Gauge,70.86,3.6,Out of Stock,https://scrapingsandbox.com/product/4
Smart Carving Tools,97.13,3.5,In Stock,https://scrapingsandbox.com/product/5
Professional Dog Food,145.4,4.6,In Stock,https://scrapingsandbox.com/product/6
Smart Car Wash Kit,139.94,3.0,In Stock,https://scrapingsandbox.com/product/7
Premium Bluetooth Speaker,108.99,4.5,In Stock,https://scrapingsandbox.com/product/8
Vintage Tablet Stand,44.15,3.4,In Stock,https://scrapingsandbox.com/product/9
Portable Marker Pack,193.91,4.2,In Stock,https://scrapingsandbox.com/product/10
Professional Brush Kit,55.29,3.6,Out of Stock,https://scrapingsandbox.com/product/11
Smart Play Dough,123.5,3.5,In Stock,https://scrapingsandbox.com/product/12
Premium Vinyl Record,69.22,4.5,In Stock,https://scrapingsandbox.com/product/13
Professional Aquarium Plant,71.68,4.6,In Stock,https://scrapingsandbox.com/product/14
Vintage Stuffed Animal,124.84,5.0,In Stock,https://scrapingsandbox.com/product/15
Eco-Friendly Protein Bar,76.27,3.9,In Stock,https://scrapingsandbox.com/product/16
Lightweight Paper Clips,156.17,4.3,In Stock,https://scrapingsandbox.com/product/17
Professional Guitar Strings,159.77,4.1,In Stock,https://scrapingsandbox.com/product/18
Premium Business Book,175.14,4.9,In Stock,https://scrapingsandbox.com/product/19
Handcrafted Locket,106.84,4.2,In Stock,https://scrapingsandbox.com/product/20
Compact Heating Pad,70.83,4.8,In Stock,https://scrapingsandbox.com/product/21
Advanced Brake Pad,108.45,4.3,In Stock,https://scrapingsandbox.com/product/22
Heavy-Duty Seat Cover,30.36,4.2,In Stock,https://scrapingsandbox.com/product/23
Heavy-Duty Palette,179.54,3.7,In Stock,https://scrapingsandbox.com/product/24
Vintage Nerf Gun,107.53,3.6,In Stock,https://scrapingsandbox.com/product/25
Pro Stamp Set,16.25,4.6,In Stock,https://scrapingsandbox.com/product/26
Premium Air Freshener,165.03,4.8,Out of Stock,https://scrapingsandbox.com/product/27
Heavy-Duty Label Maker,195.41,3.2,In Stock,https://scrapingsandbox.com/product/28
Lightweight Blood Pressure Monitor,170.16,4.9,Out of Stock,https://scrapingsandbox.com/product/29
Ultra USB-C Hub,110.55,3.9,In Stock,https://scrapingsandbox.com/product/30
Premium Travel Guide,133.28,3.6,In Stock,https://scrapingsandbox.com/product/31
Vintage Speaker Cable,49.19,3.4,Out of Stock,https://scrapingsandbox.com/product/32
Classic First Aid Kit,15.69,4.1,In Stock,https://scrapingsandbox.com/product/33
Eco-Friendly Grip Gloves,193.06,3.7,Out of Stock,https://scrapingsandbox.com/product/34
Vintage Hoop Earrings,27.37,3.1,In Stock,https://scrapingsandbox.com/product/35
Modern Nut Mix,31.27,3.9,In Stock,https://scrapingsandbox.com/product/36
Handcrafted Flannel Shirt,164.84,4.4,In Stock,https://scrapingsandbox.com/product/37
Lightweight Vitamin Pack,148.91,4.6,In Stock,https://scrapingsandbox.com/product/38
Compact Canvas,204.29,4.7,In Stock,https://scrapingsandbox.com/product/39
Professional Skipping Rope,31.33,3.4,In Stock,https://scrapingsandbox.com/product/40
Ultra Cookbook,104.27,3.3,In Stock,https://scrapingsandbox.com/product/41
Vintage Microphone,27.42,3.3,Out of Stock,https://scrapingsandbox.com/product/42
Limited Edition Calligraphy Set,44.65,4.1,In Stock,https://scrapingsandbox.com/product/43
Vintage Art Book,91.83,4.3,In Stock,https://scrapingsandbox.com/product/44
Handcrafted Chain,13.6,3.4,In Stock,https://scrapingsandbox.com/product/45
Heavy-Duty Play Dough,50.6,4.5,In Stock,https://scrapingsandbox.com/product/46
Classic Sunscreen,157.22,4.1,Out of Stock,https://scrapingsandbox.com/product/47
Smart Ab Wheel,102.86,3.6,In Stock,https://scrapingsandbox.com/product/48
Ultra Vinyl Record,158.97,3.7,In Stock,https://scrapingsandbox.com/product/49
Organic Olive Oil,52.91,3.2,In Stock,https://scrapingsandbox.com/product/50
Premium Belt,67.17,4.6,In Stock,https://scrapingsandbox.com/product/51
Advanced Journal,84.44,3.4,In Stock,https://scrapingsandbox.com/product/52
Wireless Jam Collection,175.09,3.7,Out of Stock,https://scrapingsandbox.com/product/53
Portable Children's Book,141.9,3.3,In Stock,https://scrapingsandbox.com/product/54
Professional MIDI Controller,79.85,4.2,In Stock,https://scrapingsandbox.com/product/55
Essential Ring Light,117.84,4.0,In Stock,https://scrapingsandbox.com/product/56
Essential Thermometer,81.15,3.4,In Stock,https://scrapingsandbox.com/product/57
Advanced File Folder,156.62,3.5,Out of Stock,https://scrapingsandbox.com/product/58
Advanced Watch,45.33,3.3,In Stock,https://scrapingsandbox.com/product/59
Eco-Friendly Puzzle Set,158.96,4.1,In Stock,https://scrapingsandbox.com/product/60
Essential Spark Plug,180.29,3.4,In Stock,https://scrapingsandbox.com/product/61
Compact Smart Watch,102.16,4.4,Out of Stock,https://scrapingsandbox.com/product/62
Professional Watch,100.01,3.1,In Stock,https://scrapingsandbox.com/product/63
Professional Thermometer,199.47,3.6,Out of Stock,https://scrapingsandbox.com/product/64
Classic Litter Box,53.01,3.1,Out of Stock,https://scrapingsandbox.com/product/65
Vintage Trunk Organizer,182.08,3.7,In Stock,https://scrapingsandbox.com/product/66
Lightweight Toe Ring,188.36,4.4,In Stock,https://scrapingsandbox.com/product/67
Wireless Stamp Set,45.66,4.5,In Stock,https://scrapingsandbox.com/product/68
Lightweight Cardigan,11.02,4.3,In Stock,https://scrapingsandbox.com/product/69
Classic Moisturizer,143.0,4.4,In Stock,https://scrapingsandbox.com/product/70
Classic Canvas,21.25,3.6,In Stock,https://scrapingsandbox.com/product/71
Handcrafted Speaker Cable,70.07,3.2,In Stock,https://scrapingsandbox.com/product/72
Advanced Pick Set,128.87,4.2,In Stock,https://scrapingsandbox.com/product/73
Lightweight Tuner,148.14,3.4,Out of Stock,https://scrapingsandbox.com/product/74
Limited Edition File Folder,55.52,4.4,In Stock,https://scrapingsandbox.com/product/75
Lightweight Socks Pack,187.14,3.7,Out of Stock,https://scrapingsandbox.com/product/76
Modern Coffee Beans,6.22,4.3,In Stock,https://scrapingsandbox.com/product/77
Wireless Car Vacuum,42.41,4.8,In Stock,https://scrapingsandbox.com/product/78
Classic Pill Organizer,141.59,4.8,In Stock,https://scrapingsandbox.com/product/79
Portable Planner,16.64,3.5,In Stock,https://scrapingsandbox.com/product/80
Eco-Friendly Blood Pressure Monitor,115.64,3.8,In Stock,https://scrapingsandbox.com/product/81
Portable Sneakers,24.83,3.5,In Stock,https://scrapingsandbox.com/product/82
Ultra Locket,158.09,3.6,In Stock,https://scrapingsandbox.com/product/83
Professional Vitamin Pack,90.2,4.7,In Stock,https://scrapingsandbox.com/product/84
Ultra First Aid Kit,56.04,3.3,In Stock,https://scrapingsandbox.com/product/85
Vintage Highlighters,195.45,4.2,In Stock,https://scrapingsandbox.com/product/86
Pro Headphones,86.34,3.6,In Stock,https://scrapingsandbox.com/product/87
Organic Clock,90.92,4.2,In Stock,https://scrapingsandbox.com/product/88
Wireless Smart Watch,27.3,4.8,Out of Stock,https://scrapingsandbox.com/product/89
Wireless Headphones,125.33,3.0,In Stock,https://scrapingsandbox.com/product/90
Premium Seat Cover,14.0,3.5,In Stock,https://scrapingsandbox.com/product/91
Advanced Napkin Holder,170.01,4.0,In Stock,https://scrapingsandbox.com/product/92
Lightweight Battery,93.48,4.1,In Stock,https://scrapingsandbox.com/product/93
Compact Joggers,35.16,4.8,In Stock,https://scrapingsandbox.com/product/94
Heavy-Duty Olive Oil,152.94,3.1,Out of Stock,https://scrapingsandbox.com/product/95
Smart Bracelet,151.07,4.3,In Stock,https://scrapingsandbox.com/product/96
Deluxe Wiper Blade,121.64,4.8,In Stock,https://scrapingsandbox.com/product/97
Modern Popcorn Pack,147.51,3.7,In Stock,https://scrapingsandbox.com/product/98
Advanced Iron Supplement,146.78,3.8,In Stock,https://scrapingsandbox.com/product/99
Eco-Friendly Bangle,51.11,4.3,In Stock,https://scrapingsandbox.com/product/100
Essential Sunglasses,144.83,3.2,In Stock,https://scrapingsandbox.com/product/101
Heavy-Duty Vinyl Record,194.89,3.4,In Stock,https://scrapingsandbox.com/product/102
Smart Storage Basket,7.55,4.9,In Stock,https://scrapingsandbox.com/product/103
Modern Puzzle Set,146.64,3.6,In Stock,https://scrapingsandbox.com/product/104
Smart Scarf,109.34,3.1,In Stock,https://scrapingsandbox.com/product/105
Vintage Collar,181.46,3.3,In Stock,https://scrapingsandbox.com/product/106
Compact Sneakers,74.48,4.5,In Stock,https://scrapingsandbox.com/product/107
Deluxe Shorts,192.23,3.3,In Stock,https://scrapingsandbox.com/product/108
Portable Sweatband,35.04,4.5,In Stock,https://scrapingsandbox.com/product/109
Classic Tennis Balls,83.72,4.8,In Stock,https://scrapingsandbox.com/product/110
Smart Pop Filter,43.29,3.3,In Stock,https://scrapingsandbox.com/product/111
Advanced Strap,94.54,4.6,In Stock,https://scrapingsandbox.com/product/112
Deluxe Ab Wheel,36.47,4.7,In Stock,https://scrapingsandbox.com/product/113
Smart Capo,107.29,4.4,In Stock,https://scrapingsandbox.com/product/114
Handcrafted Paper Clips,155.36,3.7,In Stock,https://scrapingsandbox.com/product/115
Eco-Friendly Tape Dispenser,105.07,4.2,In Stock,https://scrapingsandbox.com/product/116
Eco-Friendly Thermometer,62.03,4.6,In Stock,https://scrapingsandbox.com/product/117
Essential Stud Earrings,105.39,4.6,In Stock,https://scrapingsandbox.com/product/118
Lightweight Protein Powder,119.4,3.9,In Stock,https://scrapingsandbox.com/product/119
Smart Cardigan,28.73,5.0,In Stock,https://scrapingsandbox.com/product/120
Organic Mug Set,150.77,4.2,In Stock,https://scrapingsandbox.com/product/121
Advanced Catnip,183.75,4.8,In Stock,https://scrapingsandbox.com/product/122
Handcrafted Business Book,203.17,4.9,In Stock,https://scrapingsandbox.com/product/123
Ultra Train Set,143.16,4.1,In Stock,https://scrapingsandbox.com/product/124
Advanced Brooch,177.99,4.1,In Stock,https://scrapingsandbox.com/product/125
Classic Wall Art,154.5,4.8,In Stock,https://scrapingsandbox.com/product/126
Premium Mystery Novel,26.81,4.6,In Stock,https://scrapingsandbox.com/product/127
Eco-Friendly Flannel Shirt,75.16,4.4,In Stock,https://scrapingsandbox.com/product/128
Lightweight Ice Pack,191.92,3.4,In Stock,https://scrapingsandbox.com/product/129
Portable Bubble Machine,59.9,3.9,Out of Stock,https://scrapingsandbox.com/product/130
Lightweight Hand Cream,188.36,4.4,In Stock,https://scrapingsandbox.com/product/131
Classic Capo,105.87,4.3,In Stock,https://scrapingsandbox.com/product/132
Professional Car Charger,27.68,4.3,In Stock,https://scrapingsandbox.com/product/133
Eco-Friendly Sunscreen,141.25,4.6,In Stock,https://scrapingsandbox.com/product/134
Portable Chain,141.26,4.7,In Stock,https://scrapingsandbox.com/product/135
Advanced Watch,69.96,4.3,Out of Stock,https://scrapingsandbox.com/product/136
Modern Stamp Set,55.31,4.4,Out of Stock,https://scrapingsandbox.com/product/137
Limited Edition Pick Set,10.84,4.7,In Stock,https://scrapingsandbox.com/product/138
Ultra Slime Kit,110.41,3.9,In Stock,https://scrapingsandbox.com/product/139
Portable Essential Oil,192.76,3.5,In Stock,https://scrapingsandbox.com/product/140
Limited Edition Melatonin,127.15,4.9,In Stock,https://scrapingsandbox.com/product/141
Organic Napkin Holder,161.36,4.6,Out of Stock,https://scrapingsandbox.com/product/142
Heavy-Duty Belt,150.56,3.3,Out of Stock,https://scrapingsandbox.com/product/143
Organic Self-Help Guide,67.62,4.4,In Stock,https://scrapingsandbox.com/product/144
Premium Stamp Set,193.49,4.9,In Stock,https://scrapingsandbox.com/product/145
Vintage Body Chain,126.03,5.0,In Stock,https://scrapingsandbox.com/product/146
Deluxe LED Desk Lamp,58.45,4.7,In Stock,https://scrapingsandbox.com/product/147
Eco-Friendly Yoga Mat,68.34,4.1,In Stock,https://scrapingsandbox.com/product/148
Handcrafted Building Blocks,153.64,4.4,In Stock,https://scrapingsandbox.com/product/149
Professional Tablet Stand,194.35,3.1,Out of Stock,https://scrapingsandbox.com/product/150
Vintage Beef Jerky,120.07,4.2,In Stock,https://scrapingsandbox.com/product/151
Premium Carving Tools,29.14,3.3,In Stock,https://scrapingsandbox.com/product/152
Smart Aquarium Plant,38.06,4.7,In Stock,https://scrapingsandbox.com/product/153
Handcrafted Watch,53.69,4.0,In Stock,https://scrapingsandbox.com/product/154
Vintage Bird Feeder,88.67,4.8,In Stock,https://scrapingsandbox.com/product/155
Organic Plant Pot,117.02,3.9,In Stock,https://scrapingsandbox.com/product/156
Eco-Friendly Eye Cream,123.02,3.5,In Stock,https://scrapingsandbox.com/product/157
Smart Boxing Gloves,96.53,3.7,In Stock,https://scrapingsandbox.com/product/158
Portable Tape Dispenser,102.6,4.2,In Stock,https://scrapingsandbox.com/product/159
Classic Nail Polish,112.45,3.0,In Stock,https://scrapingsandbox.com/product/160
Essential Mystery Novel,153.85,3.6,In Stock,https://scrapingsandbox.com/product/161
Premium Omega-3 Capsules,201.63,5.0,Out of Stock,https://scrapingsandbox.com/product/162
Classic Leash,89.34,4.1,In Stock,https://scrapingsandbox.com/product/163
Essential Stud Earrings,158.99,3.5,In Stock,https://scrapingsandbox.com/product/164
Smart Jump Rope,150.09,5.0,In Stock,https://scrapingsandbox.com/product/165
Premium History Book,41.46,3.0,In Stock,https://scrapingsandbox.com/product/166
Wireless Vinyl Record,107.79,4.1,In Stock,https://scrapingsandbox.com/product/167
Advanced Food Bowl,100.78,4.4,In Stock,https://scrapingsandbox.com/product/168
Professional Hoop Earrings,57.53,4.1,In Stock,https://scrapingsandbox.com/product/169
Smart Seat Cover,48.18,3.3,In Stock,https://scrapingsandbox.com/product/170
Heavy-Duty Vinyl Record,68.64,4.7,In Stock,https://scrapingsandbox.com/product/171
Vintage Pull-Up Bar,202.91,4.7,Out of Stock,https://scrapingsandbox.com/product/172
Portable MIDI Controller,203.13,3.1,In Stock,https://scrapingsandbox.com/product/173
Advanced Eye Cream,7.7,4.1,In Stock,https://scrapingsandbox.com/product/174
Modern Planner,113.53,4.9,In Stock,https://scrapingsandbox.com/product/175
Lightweight Chinos,18.67,3.4,In Stock,https://scrapingsandbox.com/product/176
Premium Spice Set,6.68,3.4,In Stock,https://scrapingsandbox.com/product/177
Handcrafted Phone Mount,128.07,3.7,In Stock,https://scrapingsandbox.com/product/178
Professional Sun Shade,7.31,4.4,In Stock,https://scrapingsandbox.com/product/179
Eco-Friendly Blood Pressure Monitor,83.4,4.3,Out of Stock,https://scrapingsandbox.com/product/180
Deluxe Protein Bar,120.78,4.7,In Stock,https://scrapingsandbox.com/product/181
Lightweight Notebook,165.84,3.9,In Stock,https://scrapingsandbox.com/product/182
Modern Binder,130.68,3.2,Out of Stock,https://scrapingsandbox.com/product/183
Advanced Car Charger,63.89,4.9,In Stock,https://scrapingsandbox.com/product/184
Portable Napkin Holder,76.76,3.2,In Stock,https://scrapingsandbox.com/product/185
Professional Leash,119.7,3.0,In Stock,https://scrapingsandbox.com/product/186
Deluxe Ice Scraper,96.31,4.2,In Stock,https://scrapingsandbox.com/product/187
Vintage Label Maker,131.62,4.3,In Stock,https://scrapingsandbox.com/product/188
Eco-Friendly Amp,121.82,3.8,In Stock,https://scrapingsandbox.com/product/189
Limited Edition Stuffed Animal,149.56,3.2,In Stock,https://scrapingsandbox.com/product/190
Ultra MIDI Controller,9.88,3.5,In Stock,https://scrapingsandbox.com/product/191
Classic Watch,67.38,3.3,In Stock,https://scrapingsandbox.com/product/192
Modern Children's Book,38.62,4.3,In Stock,https://scrapingsandbox.com/product/193
Smart Eye Cream,20.01,3.1,Out of Stock,https://scrapingsandbox.com/product/194
Advanced Spice Set,27.65,3.5,In Stock,https://scrapingsandbox.com/product/195
Portable Stapler,23.63,3.6,In Stock,https://scrapingsandbox.com/product/196
Professional Laptop Sleeve,192.64,4.4,In Stock,https://scrapingsandbox.com/product/197
Eco-Friendly Binder,9.44,4.9,In Stock,https://scrapingsandbox.com/product/198
Organic Dollhouse,175.94,4.8,In Stock,https://scrapingsandbox.com/product/199
Advanced Stencil Set,154.08,3.7,In Stock,https://scrapingsandbox.com/product/200
Compact Metronome,160.71,3.9,In Stock,https://scrapingsandbox.com/product/201
Modern Plant Pot,90.89,3.1,In Stock,https://scrapingsandbox.com/product/202
Smart Screen Protector,173.13,3.1,In Stock,https://scrapingsandbox.com/product/203
Pro Boom Arm,142.43,3.7,In Stock,https://scrapingsandbox.com/product/204
Modern Phone Case,51.34,3.5,In Stock,https://scrapingsandbox.com/product/205
Smart Popcorn Pack,68.14,4.2,In Stock,https://scrapingsandbox.com/product/206
Premium Sunglasses,129.25,3.8,In Stock,https://scrapingsandbox.com/product/207
Pro Belt,144.06,3.0,In Stock,https://scrapingsandbox.com/product/208
Eco-Friendly Smart Watch,168.73,4.1,In Stock,https://scrapingsandbox.com/product/209
Heavy-Duty Sketchbook,74.16,4.9,In Stock,https://scrapingsandbox.com/product/210
Premium Ankle Weights,29.2,4.6,In Stock,https://scrapingsandbox.com/product/211
Limited Edition Oil Filter,112.39,3.3,In Stock,https://scrapingsandbox.com/product/212
Premium Charger,23.65,5.0,In Stock,https://scrapingsandbox.com/product/213
Limited Edition Wall Art,195.03,3.4,In Stock,https://scrapingsandbox.com/product/214
Portable Hair Pin,5.66,3.0,In Stock,https://scrapingsandbox.com/product/215
Deluxe Laptop Sleeve,17.79,4.6,In Stock,https://scrapingsandbox.com/product/216
Wireless Journal,174.01,3.5,In Stock,https://scrapingsandbox.com/product/217
Essential Litter Box,86.69,3.4,Out of Stock,https://scrapingsandbox.com/product/218
Smart Stud Earrings,94.56,4.2,In Stock,https://scrapingsandbox.com/product/219
Modern Wiper Blade,81.75,3.8,In Stock,https://scrapingsandbox.com/product/220
Portable Tennis Balls,51.66,3.9,In Stock,https://scrapingsandbox.com/product/221
Organic Jump Starter,204.67,4.9,In Stock,https://scrapingsandbox.com/product/222
Heavy-Duty Ruler,37.37,4.4,In Stock,https://scrapingsandbox.com/product/223
Ultra Face Mask,171.32,4.1,In Stock,https://scrapingsandbox.com/product/224
Organic Stapler,70.78,3.9,In Stock,https://scrapingsandbox.com/product/225
Pro Desk Organizer,101.0,4.2,In Stock,https://scrapingsandbox.com/product/226
Wireless Steering Wheel Cover,156.47,4.6,In Stock,https://scrapingsandbox.com/product/227
Heavy-Duty Science Book,178.14,3.7,In Stock,https://scrapingsandbox.com/product/228
Vintage Sweatband,114.5,5.0,In Stock,https://scrapingsandbox.com/product/229
Advanced Energy Drink,54.89,4.8,In Stock,https://scrapingsandbox.com/product/230
Essential Speaker Cable,70.57,3.4,In Stock,https://scrapingsandbox.com/product/231
Classic Joggers,204.86,4.6,In Stock,https://scrapingsandbox.com/product/232
Classic Water Bottle,106.03,4.9,In Stock,https://scrapingsandbox.com/product/233
Wireless Coloring Book,7.36,4.4,In Stock,https://scrapingsandbox.com/product/234
Deluxe Pencil Set,168.21,3.0,In Stock,https://scrapingsandbox.com/product/235
Handcrafted Joggers,117.83,3.9,In Stock,https://scrapingsandbox.com/product/236
Classic Makeup Brush Set,149.46,4.5,In Stock,https://scrapingsandbox.com/product/237
Wireless Audio Cable,75.81,3.1,In Stock,https://scrapingsandbox.com/product/238
Smart Mouse Pad,21.44,4.0,In Stock,https://scrapingsandbox.com/product/239
Wireless Chain,95.83,3.2,In Stock,https://scrapingsandbox.com/product/240
Lightweight Planner,111.17,4.1,In Stock,https://scrapingsandbox.com/product/241
Lightweight Storage Basket,174.65,4.5,In Stock,https://scrapingsandbox.com/product/242
Pro Spice Rack,184.66,4.2,In Stock,https://scrapingsandbox.com/product/243
Deluxe Bath Bomb,79.62,4.0,In Stock,https://scrapingsandbox.com/product/244
Advanced Scarf,79.61,3.8,In Stock,https://scrapingsandbox.com/product/245
Portable Popcorn Pack,75.79,4.3,In Stock,https://scrapingsandbox.com/product/246
Professional HDMI Cable,27.06,4.8,In Stock,https://scrapingsandbox.com/product/247
Organic Toe Ring,201.23,4.4,In Stock,https://scrapingsandbox.com/product/248
Pro Guitar Strings,149.41,4.7,In Stock,https://scrapingsandbox.com/product/249
Essential Sweatband,173.68,4.6,In Stock,https://scrapingsandbox.com/product/250
Modern Pet Bed,76.46,3.7,In Stock,https://scrapingsandbox.com/product/251
Lightweight Napkin Holder,124.68,4.0,In Stock,https://scrapingsandbox.com/product/252
Eco-Friendly Resistance Bands,60.21,3.8,In Stock,https://scrapingsandbox.com/product/253
Modern Brooch,23.37,3.3,In Stock,https://scrapingsandbox.com/product/254
Premium Ring Light,40.46,3.3,Out of Stock,https://scrapingsandbox.com/product/255
Essential Fish Tank Filter,84.36,4.8,In Stock,https://scrapingsandbox.com/product/256
Heavy-Duty Brush Kit,86.42,3.8,In Stock,https://scrapingsandbox.com/product/257
Compact Throw Pillow,194.24,3.8,In Stock,https://scrapingsandbox.com/product/258
Heavy-Duty Trunk Organizer,159.86,3.5,Out of Stock,https://scrapingsandbox.com/product/259
Eco-Friendly Body Chain,68.39,3.3,In Stock,https://scrapingsandbox.com/product/260
Pro Grooming Brush,77.92,5.0,In Stock,https://scrapingsandbox.com/product/261
Smart Storage Basket,146.35,4.1,Out of Stock,https://scrapingsandbox.com/product/262
Advanced Olive Oil,198.79,3.4,In Stock,https://scrapingsandbox.com/product/263
Professional Stuffed Animal,166.62,4.5,Out of Stock,https://scrapingsandbox.com/product/264
Organic Gaming Mouse,28.78,3.5,In Stock,https://scrapingsandbox.com/product/265
Essential LED Desk Lamp,156.21,3.3,In Stock,https://scrapingsandbox.com/product/266
Classic Graphic Novel,112.38,4.9,In Stock,https://scrapingsandbox.com/product/267
Modern Omega-3 Capsules,13.4,4.4,In Stock,https://scrapingsandbox.com/product/268
Handcrafted Compression Sleeve,154.03,4.9,In Stock,https://scrapingsandbox.com/product/269
Lightweight Dog Treat,160.82,4.4,In Stock,https://scrapingsandbox.com/product/270
Portable Puzzle Set,83.15,3.0,In Stock,https://scrapingsandbox.com/product/271
Compact Travel Guide,19.33,5.0,In Stock,https://scrapingsandbox.com/product/272
Portable Fitness Tracker,147.65,3.3,In Stock,https://scrapingsandbox.com/product/273
Smart Lip Balm,117.61,3.1,In Stock,https://scrapingsandbox.com/product/274
Ultra Play Dough,60.0,4.7,Out of Stock,https://scrapingsandbox.com/product/275
Portable Whiteboard,100.95,4.3,Out of Stock,https://scrapingsandbox.com/product/276
Pro Silver Necklace,169.56,4.6,In Stock,https://scrapingsandbox.com/product/277
Portable Throw Pillow,62.55,4.2,In Stock,https://scrapingsandbox.com/product/278
Portable Compression Socks,21.34,4.8,In Stock,https://scrapingsandbox.com/product/279
Advanced Amp,179.11,4.9,In Stock,https://scrapingsandbox.com/product/280
Organic Toner,33.68,4.0,In Stock,https://scrapingsandbox.com/product/281
Vintage Melatonin,72.06,3.7,In Stock,https://scrapingsandbox.com/product/282
Organic Snack Box,121.79,3.8,In Stock,https://scrapingsandbox.com/product/283
Classic Snack Box,55.44,4.8,In Stock,https://scrapingsandbox.com/product/284
Heavy-Duty Microphone,9.7,3.3,In Stock,https://scrapingsandbox.com/product/285
Wireless Jam Collection,107.47,4.3,Out of Stock,https://scrapingsandbox.com/product/286
Essential Dried Fruit,16.27,3.7,In Stock,https://scrapingsandbox.com/product/287
Advanced Flea Collar,192.71,4.0,In Stock,https://scrapingsandbox.com/product/288
Portable Mechanical Keyboard,58.98,4.5,In Stock,https://scrapingsandbox.com/product/289
Deluxe Pasta Set,74.26,3.3,In Stock,https://scrapingsandbox.com/product/290
Vintage Honey Jar,17.89,3.6,In Stock,https://scrapingsandbox.com/product/291
Classic Body Lotion,12.7,4.5,Out of Stock,https://scrapingsandbox.com/product/292
Wireless Envelope Pack,21.41,3.5,In Stock,https://scrapingsandbox.com/product/293
Eco-Friendly Chain,172.63,4.6,In Stock,https://scrapingsandbox.com/product/294
Heavy-Duty Hair Oil,52.79,3.4,In Stock,https://scrapingsandbox.com/product/295
Organic Wiper Blade,201.44,4.6,In Stock,https://scrapingsandbox.com/product/296
Wireless Foam Roller,194.7,3.6,In Stock,https://scrapingsandbox.com/product/297
Vintage Calculator,100.01,3.3,In Stock,https://scrapingsandbox.com/product/298
Smart Science Book,73.2,3.5,In Stock,https://scrapingsandbox.com/product/299
Advanced Calligraphy Set,39.94,4.1,In Stock,https://scrapingsandbox.com/product/300
Ultra MIDI Controller,83.16,3.1,In Stock,https://scrapingsandbox.com/product/301
Modern Oil Filter,146.29,4.1,In Stock,https://scrapingsandbox.com/product/302
Compact Mouse Pad,81.42,4.0,In Stock,https://scrapingsandbox.com/product/303
Pro Vitamin Pack,84.0,4.3,In Stock,https://scrapingsandbox.com/product/304
Portable Stuffed Animal,79.08,3.2,In Stock,https://scrapingsandbox.com/product/305
Wireless Joggers,181.84,3.2,In Stock,https://scrapingsandbox.com/product/306
Professional Air Freshener,148.02,4.8,In Stock,https://scrapingsandbox.com/product/307
Premium Easel,125.0,3.7,Out of Stock,https://scrapingsandbox.com/product/308
Advanced Stud Earrings,19.77,3.5,In Stock,https://scrapingsandbox.com/product/309
Portable Robot Kit,107.24,4.9,In Stock,https://scrapingsandbox.com/product/310
Compact Mug Set,191.35,4.6,In Stock,https://scrapingsandbox.com/product/311
Essential Science Book,130.86,4.7,In Stock,https://scrapingsandbox.com/product/312
Lightweight Biography,189.7,4.6,In Stock,https://scrapingsandbox.com/product/313
Organic Eye Cream,5.12,3.8,In Stock,https://scrapingsandbox.com/product/314
Premium Omega-3 Capsules,115.44,3.6,In Stock,https://scrapingsandbox.com/product/315
Deluxe SSD Drive,8.33,4.2,In Stock,https://scrapingsandbox.com/product/316
Ultra Bangle,194.15,5.0,In Stock,https://scrapingsandbox.com/product/317
Premium Stuffed Animal,97.99,3.0,In Stock,https://scrapingsandbox.com/product/318
Vintage Sheet Music,12.46,3.4,In Stock,https://scrapingsandbox.com/product/319
Wireless Stapler,43.41,3.6,In Stock,https://scrapingsandbox.com/product/320
Wireless Food Bowl,131.25,4.1,In Stock,https://scrapingsandbox.com/product/321
Handcrafted Carving Tools,147.17,4.9,In Stock,https://scrapingsandbox.com/product/322
Classic Probiotics,25.28,3.9,In Stock,https://scrapingsandbox.com/product/323
Eco-Friendly Dumbbell Set,87.11,3.7,In Stock,https://scrapingsandbox.com/product/324
Portable Aquarium Plant,81.27,4.3,In Stock,https://scrapingsandbox.com/product/325
Vintage Table Runner,61.12,3.2,Out of Stock,https://scrapingsandbox.com/product/326
Portable Pop Filter,123.12,4.1,In Stock,https://scrapingsandbox.com/product/327
Lightweight Children's Book,121.56,3.3,Out of Stock,https://scrapingsandbox.com/product/328
Heavy-Duty Gaming Mouse,149.4,4.8,Out of Stock,https://scrapingsandbox.com/product/329
Ultra Synthesizer Patch,155.11,4.5,In Stock,https://scrapingsandbox.com/product/330
Classic Tape Dispenser,176.51,3.2,In Stock,https://scrapingsandbox.com/product/331
Lightweight Coaster Set,193.52,4.2,Out of Stock,https://scrapingsandbox.com/product/332
Heavy-Duty Trunk Organizer,51.77,4.0,In Stock,https://scrapingsandbox.com/product/333
Essential Desk Organizer,185.73,4.7,In Stock,https://scrapingsandbox.com/product/334
Ultra Spark Plug,110.93,4.7,In Stock,https://scrapingsandbox.com/product/335
Classic Pendant,158.89,4.9,In Stock,https://scrapingsandbox.com/product/336
Vintage Tiara,116.86,4.7,In Stock,https://scrapingsandbox.com/product/337
Modern Perfume,202.59,3.9,In Stock,https://scrapingsandbox.com/product/338
Professional Color Wheel,13.45,4.0,In Stock,https://scrapingsandbox.com/product/339
Ultra Wall Art,93.41,3.8,In Stock,https://scrapingsandbox.com/product/340
Smart Dumbbell Set,147.22,4.1,In Stock,https://scrapingsandbox.com/product/341
Pro Charger,45.06,3.7,Out of Stock,https://scrapingsandbox.com/product/342
Portable Business Book,192.55,3.1,In Stock,https://scrapingsandbox.com/product/343
Professional Popcorn Pack,122.84,3.1,In Stock,https://scrapingsandbox.com/product/344
Deluxe Phone Case,110.14,3.0,In Stock,https://scrapingsandbox.com/product/345
Vintage Yoga Mat,27.71,3.6,In Stock,https://scrapingsandbox.com/product/346
Pro Toner,147.87,3.6,Out of Stock,https://scrapingsandbox.com/product/347
Handcrafted Popcorn Pack,123.43,3.8,In Stock,https://scrapingsandbox.com/product/348
Vintage Massage Gun,184.15,3.0,In Stock,https://scrapingsandbox.com/product/349
Portable Hoop Earrings,47.61,3.6,In Stock,https://scrapingsandbox.com/product/350
Wireless Floor Mat,88.69,4.7,In Stock,https://scrapingsandbox.com/product/351
Limited Edition Wireless Earbuds,20.59,4.4,In Stock,https://scrapingsandbox.com/product/352
Limited Edition Charger,17.03,3.4,In Stock,https://scrapingsandbox.com/product/353
Eco-Friendly Kite,118.29,4.8,In Stock,https://scrapingsandbox.com/product/354
Ultra Bubble Machine,149.1,4.7,In Stock,https://scrapingsandbox.com/product/355
Smart Bookend,151.96,3.2,In Stock,https://scrapingsandbox.com/product/356
Lightweight Sneakers,200.94,4.0,In Stock,https://scrapingsandbox.com/product/357
Classic Coconut Water,151.61,4.3,Out of Stock,https://scrapingsandbox.com/product/358
Compact Gaming Mouse,146.92,4.4,In Stock,https://scrapingsandbox.com/product/359
Pro Calculator,174.36,3.4,In Stock,https://scrapingsandbox.com/product/360
Premium Color Wheel,196.92,3.9,In Stock,https://scrapingsandbox.com/product/361
Lightweight Scale,184.17,3.7,In Stock,https://scrapingsandbox.com/product/362
Compact Windbreaker,100.19,4.6,In Stock,https://scrapingsandbox.com/product/363
Essential Moisturizer,144.11,3.6,In Stock,https://scrapingsandbox.com/product/364
Modern Marker Pack,18.68,4.3,In Stock,https://scrapingsandbox.com/product/365
Ultra Label Maker,108.75,4.6,In Stock,https://scrapingsandbox.com/product/366
Compact Ring Light,9.67,4.0,In Stock,https://scrapingsandbox.com/product/367
Pro Matcha Powder,61.14,4.4,In Stock,https://scrapingsandbox.com/product/368
Lightweight Fantasy Epic,83.62,3.8,In Stock,https://scrapingsandbox.com/product/369
Heavy-Duty Locket,127.92,4.2,In Stock,https://scrapingsandbox.com/product/370
Professional Probiotics,32.47,4.7,In Stock,https://scrapingsandbox.com/product/371
Compact Bracelet,10.53,3.4,In Stock,https://scrapingsandbox.com/product/372
Premium Car Charger,65.48,3.2,Out of Stock,https://scrapingsandbox.com/product/373
Classic Wireless Earbuds,120.91,3.1,In Stock,https://scrapingsandbox.com/product/374
Heavy-Duty Desk Organizer,190.99,3.0,In Stock,https://scrapingsandbox.com/product/375
Handcrafted Vinyl Record,163.48,5.0,In Stock,https://scrapingsandbox.com/product/376
Heavy-Duty Microphone,7.77,3.1,Out of Stock,https://scrapingsandbox.com/product/377
Heavy-Duty Trail Mix,105.04,3.0,In Stock,https://scrapingsandbox.com/product/378
Compact Trail Mix,203.99,4.9,In Stock,https://scrapingsandbox.com/product/379
Advanced Locket,126.47,4.2,In Stock,https://scrapingsandbox.com/product/380
Eco-Friendly Pet Shampoo,16.99,4.6,In Stock,https://scrapingsandbox.com/product/381
Essential Scarf,68.02,3.8,In Stock,https://scrapingsandbox.com/product/382
Smart Drum Sticks,88.35,5.0,In Stock,https://scrapingsandbox.com/product/383
Lightweight Doormat,96.6,4.3,In Stock,https://scrapingsandbox.com/product/384
Vintage Slime Kit,170.43,3.7,In Stock,https://scrapingsandbox.com/product/385
Modern SSD Drive,90.96,3.3,Out of Stock,https://scrapingsandbox.com/product/386
Modern Gym Bag,182.1,3.8,Out of Stock,https://scrapingsandbox.com/product/387
Advanced Dog Food,146.34,3.9,In Stock,https://scrapingsandbox.com/product/388
Compact Sci-Fi Novel,81.95,4.5,Out of Stock,https://scrapingsandbox.com/product/389
Limited Edition Grooming Brush,187.72,4.7,Out of Stock,https://scrapingsandbox.com/product/390
Premium Pastel Set,176.68,4.8,In Stock,https://scrapingsandbox.com/product/391
Handcrafted Gaming Mouse,191.69,4.3,In Stock,https://scrapingsandbox.com/product/392
Heavy-Duty Collagen Powder,126.07,4.2,In Stock,https://scrapingsandbox.com/product/393
Deluxe Catnip,95.29,3.9,In Stock,https://scrapingsandbox.com/product/394
Advanced Zinc Tablets,57.79,3.0,In Stock,https://scrapingsandbox.com/product/395
Professional Popcorn Pack,52.95,4.1,In Stock,https://scrapingsandbox.com/product/396
Pro Denim Jacket,148.24,4.7,In Stock,https://scrapingsandbox.com/product/397
Lightweight Beanie,98.1,3.4,In Stock,https://scrapingsandbox.com/product/398
Handcrafted Notebook,164.89,3.9,In Stock,https://scrapingsandbox.com/product/399
Limited Edition Bluetooth Speaker,20.98,3.5,In Stock,https://scrapingsandbox.com/product/400
Professional Flannel Shirt,171.02,4.7,In Stock,https://scrapingsandbox.com/product/401
Vintage Marble Run,21.51,4.1,In Stock,https://scrapingsandbox.com/product/402
Pro Self-Help Guide,43.95,4.0,Out of Stock,https://scrapingsandbox.com/product/403
Limited Edition Calculator,47.37,5.0,Out of Stock,https://scrapingsandbox.com/product/404
Compact Popcorn Pack,168.65,3.2,In Stock,https://scrapingsandbox.com/product/405
Handcrafted Conditioner,76.63,4.8,In Stock,https://scrapingsandbox.com/product/406
Ultra Cat Tree,15.1,3.0,In Stock,https://scrapingsandbox.com/product/407
Organic Hot Sauce,139.44,4.8,In Stock,https://scrapingsandbox.com/product/408
Compact Litter Box,101.33,3.5,In Stock,https://scrapingsandbox.com/product/409
Wireless Sweatband,16.35,3.4,In Stock,https://scrapingsandbox.com/product/410
Lightweight Sketchbook,116.88,4.7,In Stock,https://scrapingsandbox.com/product/411
Portable Art Portfolio,181.73,4.5,In Stock,https://scrapingsandbox.com/product/412
Smart Hot Sauce,203.21,4.1,In Stock,https://scrapingsandbox.com/product/413
Limited Edition Dash Cam,124.89,4.6,Out of Stock,https://scrapingsandbox.com/product/414
Portable Exfoliator,112.25,4.8,In Stock,https://scrapingsandbox.com/product/415
Vintage Scale,152.49,3.5,In Stock,https://scrapingsandbox.com/product/416
Lightweight Webcam,171.45,4.6,In Stock,https://scrapingsandbox.com/product/417
Vintage Towel Set,121.47,3.6,In Stock,https://scrapingsandbox.com/product/418
Ultra Pet Carrier,25.22,3.5,In Stock,https://scrapingsandbox.com/product/419
Heavy-Duty Dumbbell Set,78.71,4.8,In Stock,https://scrapingsandbox.com/product/420
Modern Synthesizer Patch,43.21,3.9,Out of Stock,https://scrapingsandbox.com/product/421
Pro Music Stand,156.18,3.4,In Stock,https://scrapingsandbox.com/product/422
Portable Floor Mat,130.9,3.2,In Stock,https://scrapingsandbox.com/product/423
Modern Car Charger,59.51,3.2,In Stock,https://scrapingsandbox.com/product/424
Limited Edition Cat Tree,15.0,4.4,In Stock,https://scrapingsandbox.com/product/425
Advanced Pasta Set,182.57,3.5,Out of Stock,https://scrapingsandbox.com/product/426
Vintage Tennis Balls,195.69,3.3,In Stock,https://scrapingsandbox.com/product/427
Vintage Brush Kit,79.2,3.8,Out of Stock,https://scrapingsandbox.com/product/428
Handcrafted Skipping Rope,170.8,4.6,In Stock,https://scrapingsandbox.com/product/429
Eco-Friendly Tennis Balls,49.39,3.5,In Stock,https://scrapingsandbox.com/product/430
Classic LED Desk Lamp,104.95,4.7,In Stock,https://scrapingsandbox.com/product/431
Professional Paint Set,146.73,3.6,In Stock,https://scrapingsandbox.com/product/432
Lightweight Chain,8.63,3.3,Out of Stock,https://scrapingsandbox.com/product/433
Organic Face Serum,104.4,4.6,In Stock,https://scrapingsandbox.com/product/434
Limited Edition Label Maker,91.83,3.1,In Stock,https://scrapingsandbox.com/product/435
Heavy-Duty Coaster Set,148.85,4.5,In Stock,https://scrapingsandbox.com/product/436
Smart Pen Set,114.75,3.6,In Stock,https://scrapingsandbox.com/product/437
Portable Hoodie,189.43,4.2,In Stock,https://scrapingsandbox.com/product/438
Portable Coloring Book,92.44,4.7,Out of Stock,https://scrapingsandbox.com/product/439
Lightweight Sunglasses,13.69,4.8,In Stock,https://scrapingsandbox.com/product/440
Compact Hair Pin,24.18,3.4,In Stock,https://scrapingsandbox.com/product/441
Eco-Friendly SSD Drive,37.34,3.2,Out of Stock,https://scrapingsandbox.com/product/442
Professional Whiteboard,38.11,4.8,In Stock,https://scrapingsandbox.com/product/443
Classic Skipping Rope,80.22,3.3,In Stock,https://scrapingsandbox.com/product/444
Pro Dollhouse,12.0,4.0,In Stock,https://scrapingsandbox.com/product/445
Limited Edition Pendant,98.13,4.4,In Stock,https://scrapingsandbox.com/product/446
Advanced Correction Tape,39.66,4.0,In Stock,https://scrapingsandbox.com/product/447
Advanced Screen Protector,186.81,4.3,In Stock,https://scrapingsandbox.com/product/448
Compact Spark Plug,108.04,4.5,Out of Stock,https://scrapingsandbox.com/product/449
Limited Edition Floor Mat,127.16,3.2,In Stock,https://scrapingsandbox.com/product/450
Pro Hoodie,72.15,4.9,In Stock,https://scrapingsandbox.com/product/451
Portable Ab Wheel,65.37,4.7,Out of Stock,https://scrapingsandbox.com/product/452
Pro Ice Scraper,76.87,4.7,In Stock,https://scrapingsandbox.com/product/453
Handcrafted SSD Drive,142.86,3.6,In Stock,https://scrapingsandbox.com/product/454
Classic Tea Collection,130.9,3.1,In Stock,https://scrapingsandbox.com/product/455
Essential Floor Mat,129.18,3.3,In Stock,https://scrapingsandbox.com/product/456
Compact Board Game,102.16,4.6,In Stock,https://scrapingsandbox.com/product/457
Premium Guitar Strings,166.64,4.8,In Stock,https://scrapingsandbox.com/product/458
Compact Olive Oil,188.11,4.8,In Stock,https://scrapingsandbox.com/product/459
Handcrafted Paint Set,30.3,4.4,In Stock,https://scrapingsandbox.com/product/460
Vintage Cufflinks,175.08,4.3,In Stock,https://scrapingsandbox.com/product/461
Ultra Clock,150.28,3.7,In Stock,https://scrapingsandbox.com/product/462
Vintage Coconut Water,185.58,4.7,In Stock,https://scrapingsandbox.com/product/463
Smart Pop Filter,136.32,4.4,Out of Stock,https://scrapingsandbox.com/product/464
Portable Calligraphy Set,49.68,3.8,In Stock,https://scrapingsandbox.com/product/465
Essential Stencil Set,72.64,4.4,Out of Stock,https://scrapingsandbox.com/product/466
Ultra Locket,132.16,3.5,In Stock,https://scrapingsandbox.com/product/467
Premium Stencil Set,15.32,4.2,Out of Stock,https://scrapingsandbox.com/product/468
Eco-Friendly Charm,34.87,4.4,In Stock,https://scrapingsandbox.com/product/469
Lightweight Laptop Sleeve,72.93,3.7,In Stock,https://scrapingsandbox.com/product/470
Compact Ice Scraper,29.03,4.8,Out of Stock,https://scrapingsandbox.com/product/471
Eco-Friendly Picture Frame,59.95,3.4,Out of Stock,https://scrapingsandbox.com/product/472
Lightweight Massage Gun,152.52,3.2,In Stock,https://scrapingsandbox.com/product/473
Handcrafted Zinc Tablets,155.69,4.5,In Stock,https://scrapingsandbox.com/product/474
Eco-Friendly Fixative Spray,199.19,3.7,In Stock,https://scrapingsandbox.com/product/475
Wireless Science Kit,18.39,4.3,In Stock,https://scrapingsandbox.com/product/476
Organic Polo Shirt,30.02,3.7,In Stock,https://scrapingsandbox.com/product/477
Compact Gym Bag,13.39,3.4,In Stock,https://scrapingsandbox.com/product/478
Portable Throw Pillow,65.29,3.4,In Stock,https://scrapingsandbox.com/product/479
Pro Highlighters,151.15,4.3,In Stock,https://scrapingsandbox.com/product/480
Premium Action Figure,116.38,4.5,In Stock,https://scrapingsandbox.com/product/481
Pro Exfoliator,155.35,3.9,In Stock,https://scrapingsandbox.com/product/482
Lightweight Throw Pillow,170.73,4.6,Out of Stock,https://scrapingsandbox.com/product/483
Organic Ab Wheel,35.29,3.8,In Stock,https://scrapingsandbox.com/product/484
Professional Synthesizer Patch,73.54,3.4,In Stock,https://scrapingsandbox.com/product/485
Smart Monitor Stand,80.41,3.4,In Stock,https://scrapingsandbox.com/product/486
Classic USB-C Hub,69.3,4.0,In Stock,https://scrapingsandbox.com/product/487
Heavy-Duty Beanie,121.62,3.2,In Stock,https://scrapingsandbox.com/product/488
Portable Essential Oil,13.89,4.6,In Stock,https://scrapingsandbox.com/product/489
Ultra Beanie,52.43,3.5,In Stock,https://scrapingsandbox.com/product/490
Premium Fitness Tracker,122.51,3.9,Out of Stock,https://scrapingsandbox.com/product/491
Smart Tea Collection,113.75,3.7,Out of Stock,https://scrapingsandbox.com/product/492
Pro Pendant,178.56,4.3,In Stock,https://scrapingsandbox.com/product/493
Essential Hair Oil,188.87,3.2,Out of Stock,https://scrapingsandbox.com/product/494
Wireless Granola,13.31,4.9,Out of Stock,https://scrapingsandbox.com/product/495
Advanced Mystery Novel,9.72,3.1,In Stock,https://scrapingsandbox.com/product/496
Vintage Cat Toy,99.7,4.8,In Stock,https://scrapingsandbox.com/product/497
Compact Clock,67.89,4.9,In Stock,https://scrapingsandbox.com/product/498
Heavy-Duty Gym Bag,63.7,4.8,In Stock,https://scrapingsandbox.com/product/499
Classic Grooming Brush,59.07,4.6,In Stock,https://scrapingsandbox.com/product/500
